Name,T0,T1,T2,T3,T4,Topics
mod-pbxproj-master_readme.txt,13.0,53.0,11.0,10.0,13.0,"[(0, '0.046*""software"" + 0.024*""provide"" + 0.016*""project"" + 0.016*""break"" + 0.016*""section"" + 0.016*""improve"" + 0.016*""separate"" + 0.016*""take"" + 0.016*""solve"" + 0.016*""account""'), (1, '0.033*""visit"" + 0.033*""unit"" + 0.033*""test"" + 0.033*""fix"" + 0.025*""provide"" + 0.025*""installation"" + 0.025*""coverage"" + 0.018*""license"" + 0.017*""detail"" + 0.017*""instruction""'), (2, '0.021*""test"" + 0.021*""change"" + 0.021*""copy"" + 0.021*""software"" + 0.021*""documentation"" + 0.012*""unit"" + 0.011*""functionality"" + 0.011*""provide"" + 0.011*""add"" + 0.011*""project""'), (3, '0.035*""license"" + 0.025*""notice"" + 0.025*""commit"" + 0.025*""descriptive"" + 0.025*""message"" + 0.025*""write"" + 0.025*""issue"" + 0.025*""flag"" + 0.014*""use"" + 0.013*""include""'), (4, '0.054*""project"" + 0.039*""use"" + 0.031*""file"" + 0.023*""add"" + 0.017*""follow"" + 0.017*""code"" + 0.017*""function"" + 0.017*""parameter"" + 0.017*""change"" + 0.017*""convention""')]"
WebSocket-for-Python-master_readme.txt,50.89686098654709,15.919282511210762,12.331838565022421,11.434977578475337,9.417040358744394,"[(0, '0.138*""https"" + 0.072*""issue"" + 0.059*""tree"" + 0.056*""full"" + 0.054*""follow"" + 0.042*""compare"" + 0.036*""closed"" + 0.024*""player"" + 0.016*""close"" + 0.015*""change""'), (1, '0.097*""issue"" + 0.055*""use"" + 0.038*""redistribution"" + 0.031*""list"" + 0.029*""name"" + 0.029*""must"" + 0.028*""binary"" + 0.025*""copyright"" + 0.025*""form"" + 0.025*""notice""'), (2, '0.040*""include"" + 0.034*""provide"" + 0.027*""issue"" + 0.021*""warranty"" + 0.021*""implied"" + 0.021*""contributor"" + 0.021*""software"" + 0.021*""copyright"" + 0.017*""server"" + 0.011*""liability""'), (3, '0.079*""pull"" + 0.054*""request"" + 0.051*""merged"" + 0.040*""gevent"" + 0.028*""https"" + 0.028*""add"" + 0.027*""fix"" + 0.026*""datum"" + 0.021*""bug"" + 0.020*""good""'), (4, '0.044*""https"" + 0.033*""fix"" + 0.029*""issue"" + 0.028*""pytest"" + 0.022*""specific"" + 0.022*""support"" + 0.021*""cause"" + 0.019*""however"" + 0.019*""theory"" + 0.019*""interruption""')]"
dynaconf-master_readme.txt,7.171474358974359,9.935897435897436,66.00560897435898,7.672275641025641,9.214743589743591,"[(0, '0.162*""dynaconf"" + 0.073*""also"" + 0.045*""example"" + 0.042*""configuration"" + 0.041*""list"" + 0.037*""find"" + 0.032*""want"" + 0.026*""work"" + 0.015*""feature"" + 0.015*""first""'), (1, '0.096*""default"" + 0.082*""environment"" + 0.046*""development"" + 0.041*""path"" + 0.025*""loader"" + 0.024*""global"" + 0.023*""enable"" + 0.022*""case"" + 0.021*""server"" + 0.020*""validator""'), (2, '0.112*""file"" + 0.070*""setting"" + 0.069*""use"" + 0.058*""variable"" + 0.037*""true"" + 0.036*""exist"" + 0.035*""merge"" + 0.023*""define"" + 0.022*""database"" + 0.020*""parameter""'), (3, '0.082*""load"" + 0.056*""format"" + 0.041*""support"" + 0.039*""secret"" + 0.027*""set"" + 0.027*""false"" + 0.027*""search"" + 0.024*""add"" + 0.022*""settingstoml"" + 0.018*""validate""'), (4, '0.092*""value"" + 0.083*""export"" + 0.059*""env"" + 0.049*""production"" + 0.048*""key"" + 0.026*""toml"" + 0.024*""name"" + 0.022*""read"" + 0.022*""version"" + 0.019*""ensure""')]"
cookiecutter-master_readme.txt,6.0373216245883645,5.598243688254665,8.946212952799122,6.0373216245883645,73.38090010976948,"[(0, '0.027*""pyt"" + 0.026*""write"" + 0.025*""color"" + 0.025*""letter"" + 0.025*""foo"" + 0.021*""http"" + 0.018*""theme"" + 0.011*""function"" + 0.011*""example"" + 0.010*""argument""'), (1, '0.035*""science"" + 0.027*""pypackage"" + 0.025*""development"" + 0.024*""simple"" + 0.023*""minimal"" + 0.020*""datum"" + 0.019*""ansible"" + 0.017*""bootstrap"" + 0.013*""docker"" + 0.013*""vagrant""'), (2, '0.053*""eat"" + 0.036*""name"" + 0.035*""test"" + 0.032*""file"" + 0.030*""bar"" + 0.023*""work"" + 0.022*""fix"" + 0.021*""static"" + 0.017*""documentation"" + 0.016*""change""'), (3, '0.042*""package"" + 0.040*""django"" + 0.026*""testing"" + 0.020*""empty"" + 0.016*""release"" + 0.016*""app"" + 0.015*""drive"" + 0.015*""flask"" + 0.014*""rest"" + 0.014*""framework""'), (4, '0.111*""template"" + 0.094*""project"" + 0.085*""cookiecutter"" + 0.057*""thank"" + 0.037*""create"" + 0.025*""use"" + 0.019*""add"" + 0.015*""base"" + 0.015*""support"" + 0.014*""fake""')]"
GetOldTweets-python-master_readme.txt,9.722222222222223,9.722222222222223,6.25,65.97222222222221,8.333333333333332,"[(0, '0.125*""maxtweet"" + 0.082*""software"" + 0.058*""refugee"" + 0.029*""copy"" + 0.021*""person"" + 0.012*""permission"" + 0.012*""warranty"" + 0.012*""grant"" + 0.012*""charge"" + 0.012*""hereby""'), (1, '0.049*""search"" + 0.047*""tweet"" + 0.036*""query"" + 0.036*""settoptweet"" + 0.036*""true"" + 0.026*""specific"" + 0.018*""location"" + 0.018*""notice"" + 0.018*""copyright"" + 0.018*""account""'), (2, '0.041*""first"" + 0.026*""match"" + 0.026*""follow"" + 0.026*""text"" + 0.017*""use"" + 0.015*""purpose"" + 0.015*""particular"" + 0.015*""noninfringement"" + 0.015*""event"" + 0.015*""attribute""'), (3, '0.156*""tweet"" + 0.048*""date"" + 0.044*""bind"" + 0.042*""get"" + 0.040*""top"" + 0.032*""last"" + 0.026*""example"" + 0.023*""search"" + 0.022*""use"" + 0.022*""old""'), (4, '0.070*""setmaxtweet"" + 0.062*""setusername"" + 0.037*""command"" + 0.029*""line"" + 0.029*""usage"" + 0.026*""file"" + 0.018*""dependency"" + 0.018*""area"" + 0.018*""generate"" + 0.011*""pip""')]"
reviewboard-master_readme.txt,67.51152073732719,7.987711213517665,8.678955453149001,7.603686635944701,8.218125960061444,"[(0, '0.046*""update"" + 0.032*""file"" + 0.026*""load_djblets_email"" + 0.023*""user"" + 0.020*""bug"" + 0.018*""visit"" + 0.017*""mode"" + 0.017*""token"" + 0.016*""right"" + 0.014*""djblets_util""'), (1, '0.073*""write"" + 0.029*""program"" + 0.028*""term"" + 0.025*""distribution"" + 0.022*""condition"" + 0.022*""distribute"" + 0.021*""copy"" + 0.018*""show"" + 0.014*""code"" + 0.014*""permit""'), (2, '0.062*""program"" + 0.042*""work"" + 0.028*""source"" + 0.028*""may"" + 0.025*""commenttext"" + 0.023*""warranty"" + 0.019*""distribute"" + 0.018*""must"" + 0.018*""copyright"" + 0.017*""base""'), (3, '0.080*""license"" + 0.043*""comment"" + 0.041*""endifnotequal"" + 0.031*""version"" + 0.030*""program"" + 0.029*""endcondense"" + 0.027*""endfor"" + 0.026*""make"" + 0.018*""indent"" + 0.018*""filter""'), (4, '0.078*""change"" + 0.031*""use"" + 0.030*""software"" + 0.029*""mail"" + 0.025*""free"" + 0.025*""automatically_generate"" + 0.022*""ifnotequal"" + 0.019*""password"" + 0.018*""reply"" + 0.018*""add""')]"
dephell-master_readme.txt,2.4452724732184445,8.686539357242665,5.51932929669306,2.7945971122496505,80.55426176059618,"[(0, '0.055*""make"" + 0.048*""current"" + 0.028*""maxdepth"" + 0.019*""asset"" + 0.017*""late"" + 0.015*""orsinium"" + 0.015*""description"" + 0.014*""field"" + 0.014*""logopng"" + 0.013*""pathlib""'), (1, '0.088*""project"" + 0.070*""path"" + 0.067*""environment"" + 0.038*""virtual"" + 0.037*""run"" + 0.036*""venv"" + 0.033*""release"" + 0.033*""create"" + 0.031*""inspect"" + 0.028*""warehouse""'), (2, '0.127*""config"" + 0.088*""install"" + 0.062*""license"" + 0.055*""file"" + 0.050*""dep"" + 0.041*""filter"" + 0.041*""example"" + 0.025*""also"" + 0.022*""repository"" + 0.019*""parameter""'), (3, '0.098*""use"" + 0.080*""command"" + 0.050*""name"" + 0.038*""specify"" + 0.037*""output"" + 0.029*""argument"" + 0.022*""import"" + 0.020*""source"" + 0.019*""author"" + 0.018*""available""'), (4, '0.132*""dephell"" + 0.066*""package"" + 0.055*""cmd"" + 0.035*""format"" + 0.031*""dependency"" + 0.024*""https"" + 0.021*""lock"" + 0.021*""list"" + 0.020*""version"" + 0.019*""true""')]"
aiyprojects-raspbian-aiyprojects_readme.txt,7.314814814814814,9.444444444444445,62.59259259259259,11.666666666666666,8.981481481481483,"[(0, '0.072*""vision"" + 0.055*""voice"" + 0.034*""use"" + 0.033*""follow"" + 0.030*""overlay"" + 0.023*""doc"" + 0.022*""bonnet"" + 0.022*""hat"" + 0.019*""allow"" + 0.018*""package""'), (1, '0.048*""clientbound"" + 0.039*""file"" + 0.038*""message"" + 0.029*""datum"" + 0.029*""software"" + 0.027*""contain"" + 0.023*""include"" + 0.020*""stop"" + 0.019*""idr"" + 0.018*""start""'), (2, '0.099*""video"" + 0.058*""clientbound"" + 0.043*""kit"" + 0.033*""license"" + 0.028*""work"" + 0.023*""see"" + 0.021*""copyright"" + 0.018*""notice"" + 0.017*""must"" + 0.015*""form""'), (3, '0.045*""stream"" + 0.037*""enable"" + 0.037*""server"" + 0.036*""image"" + 0.033*""install"" + 0.024*""gpio"" + 0.022*""help"" + 0.022*""issue"" + 0.020*""client"" + 0.020*""build""'), (4, '0.033*""unit"" + 0.030*""provide"" + 0.027*""driver"" + 0.022*""lead"" + 0.022*""api"" + 0.022*""button"" + 0.019*""example"" + 0.016*""purpose"" + 0.016*""first"" + 0.015*""gnd""')]"
system-design-primer-master_readme.txt,75.06208213944603,6.523400191021968,4.5463228271251195,8.901623686723974,4.966571155682904,"[(0, '0.191*""design"" + 0.185*""system"" + 0.146*""primer"" + 0.041*""user"" + 0.023*""scale"" + 0.017*""content"" + 0.016*""read"" + 0.015*""memory"" + 0.015*""object"" + 0.014*""additional""'), (1, '0.061*""service"" + 0.039*""cache"" + 0.025*""follow"" + 0.025*""would"" + 0.023*""constraint"" + 0.022*""result"" + 0.020*""application"" + 0.020*""document"" + 0.020*""address"" + 0.020*""tweet""'), (2, '0.090*""database"" + 0.078*""store"" + 0.069*""use"" + 0.060*""search"" + 0.048*""level"" + 0.036*""https"" + 0.032*""latency_number"" + 0.032*""high"" + 0.030*""http"" + 0.024*""know""'), (3, '0.070*""server"" + 0.051*""web"" + 0.043*""write"" + 0.043*""page"" + 0.040*""request"" + 0.030*""could"" + 0.027*""sql"" + 0.027*""link"" + 0.020*""caching"" + 0.019*""index""'), (4, '0.046*""nosql"" + 0.036*""need"" + 0.029*""time"" + 0.029*""pattern"" + 0.027*""availability"" + 0.026*""client"" + 0.026*""also"" + 0.023*""self"" + 0.023*""see"" + 0.022*""reduce""')]"
scrapy-cluster-master_readme.txt,5.817610062893082,6.446540880503145,5.50314465408805,74.52830188679245,7.70440251572327,"[(0, '0.071*""application"" + 0.049*""include"" + 0.037*""base"" + 0.022*""utility"" + 0.021*""master"" + 0.021*""cluster"" + 0.021*""collection"" + 0.020*""module"" + 0.020*""level"" + 0.017*""place""'), (1, '0.060*""queue"" + 0.036*""documentation"" + 0.036*""provide"" + 0.035*""scrapy"" + 0.026*""include"" + 0.019*""cluster"" + 0.017*""store"" + 0.016*""late"" + 0.016*""give"" + 0.016*""datum""'), (2, '0.050*""file"" + 0.042*""provide"" + 0.030*""setting"" + 0.025*""add"" + 0.023*""log"" + 0.023*""way"" + 0.022*""handle"" + 0.021*""load"" + 0.017*""request"" + 0.017*""local""'), (3, '0.175*""update"" + 0.057*""use"" + 0.037*""redis"" + 0.026*""scutil"" + 0.025*""generate"" + 0.024*""sentinel"" + 0.022*""slave"" + 0.022*""role"" + 0.020*""run"" + 0.019*""number""'), (4, '0.073*""counter"" + 0.058*""time"" + 0.038*""window"" + 0.037*""statistic"" + 0.028*""copy"" + 0.026*""software"" + 0.025*""false"" + 0.021*""install"" + 0.019*""total"" + 0.019*""unique""')]"
mkdocs-master_readme.txt,9.860312243221035,10.394412489728841,63.33196384552178,11.544782251437963,4.868529170090386,"[(0, '0.118*""theme"" + 0.045*""highlight"" + 0.033*""list"" + 0.032*""must"" + 0.027*""example"" + 0.022*""user"" + 0.022*""custom"" + 0.021*""plugin"" + 0.020*""call"" + 0.018*""text""'), (1, '0.190*""image"" + 0.100*""file"" + 0.045*""relative"" + 0.042*""link"" + 0.035*""absolute"" + 0.035*""build"" + 0.031*""name"" + 0.031*""title"" + 0.028*""contain"" + 0.020*""directory""'), (2, '0.077*""path"" + 0.065*""use"" + 0.034*""configuration"" + 0.031*""line"" + 0.031*""sub"" + 0.023*""default"" + 0.022*""mkdocs"" + 0.019*""note"" + 0.019*""test"" + 0.019*""content""'), (3, '0.126*""page"" + 0.051*""include"" + 0.049*""template"" + 0.036*""define"" + 0.036*""site"" + 0.036*""reference"" + 0.032*""project"" + 0.031*""markdown"" + 0.030*""create"" + 0.028*""header""'), (4, '0.107*""documentation"" + 0.065*""document"" + 0.041*""block"" + 0.038*""may"" + 0.033*""object"" + 0.028*""global"" + 0.026*""see"" + 0.026*""server"" + 0.025*""code"" + 0.025*""navigation""')]"
glove-python-master_readme.txt,12.16931216931217,9.788359788359788,11.375661375661375,9.788359788359788,56.87830687830689,"[(0, '0.031*""file"" + 0.028*""word"" + 0.025*""embedding"" + 0.022*""produce"" + 0.019*""distribute"" + 0.019*""run"" + 0.016*""vector"" + 0.016*""train"" + 0.014*""use"" + 0.013*""glove""'), (1, '0.038*""license"" + 0.022*""contributor"" + 0.021*""liability"" + 0.017*""permission"" + 0.016*""write"" + 0.016*""state"" + 0.014*""applicable"" + 0.014*""law"" + 0.013*""grant"" + 0.013*""damage""'), (2, '0.042*""shall"" + 0.030*""contribution"" + 0.029*""mean"" + 0.028*""use"" + 0.025*""work"" + 0.021*""distribution"" + 0.019*""entity"" + 0.018*""follow"" + 0.017*""form"" + 0.017*""condition""'), (3, '0.093*""license"" + 0.031*""provide"" + 0.031*""condition"" + 0.024*""purpose"" + 0.022*""may"" + 0.018*""term"" + 0.017*""include"" + 0.016*""patent"" + 0.014*""work"" + 0.014*""example""'), (4, '0.113*""work"" + 0.049*""derivative"" + 0.047*""notice"" + 0.025*""include"" + 0.021*""source"" + 0.019*""form"" + 0.018*""version"" + 0.017*""use"" + 0.016*""require"" + 0.014*""file""')]"
graphene-django-master_readme.txt,7.954545454545454,68.18181818181817,7.765151515151516,7.386363636363637,8.712121212121213,"[(0, '0.170*""example"" + 0.071*""create"" + 0.037*""load"" + 0.037*""datum"" + 0.032*""cookbook"" + 0.021*""may"" + 0.017*""environment"" + 0.017*""starwar"" + 0.017*""relay"" + 0.017*""simply""'), (1, '0.099*""query"" + 0.053*""setup"" + 0.051*""database"" + 0.026*""project"" + 0.025*""use"" + 0.025*""software"" + 0.022*""follow"" + 0.021*""need"" + 0.017*""make"" + 0.016*""status""'), (2, '0.084*""project"" + 0.050*""start"" + 0.045*""see"" + 0.044*""run"" + 0.033*""ready"" + 0.033*""server"" + 0.033*""head"" + 0.033*""tutorial"" + 0.033*""testing"" + 0.033*""graphql""'), (3, '0.086*""late"" + 0.065*""django"" + 0.057*""install"" + 0.045*""createsuperuser"" + 0.034*""documentation"" + 0.027*""pip"" + 0.021*""good"" + 0.016*""repository"" + 0.016*""whole"" + 0.016*""useful""'), (4, '0.077*""user"" + 0.060*""ingredient"" + 0.049*""name"" + 0.047*""managepy"" + 0.027*""simple"" + 0.021*""model"" + 0.017*""thing"" + 0.017*""keep"" + 0.015*""recipe"" + 0.015*""app""')]"
django-celery-master_readme.txt,11.009174311926607,9.63302752293578,14.220183486238533,5.963302752293578,59.174311926605505,"[(0, '0.027*""celery"" + 0.026*""list"" + 0.023*""issue"" + 0.017*""report"" + 0.017*""bug"" + 0.017*""development"" + 0.017*""install"" + 0.017*""tracker"" + 0.013*""notice"" + 0.013*""disclaimer""'), (1, '0.052*""follow"" + 0.035*""integration"" + 0.025*""django"" + 0.025*""djcelery"" + 0.019*""provide"" + 0.018*""subsection"" + 0.016*""distribution"" + 0.016*""documentation"" + 0.016*""tutorial"" + 0.014*""condition""'), (2, '0.094*""celery"" + 0.087*""django"" + 0.070*""use"" + 0.055*""application"" + 0.027*""source"" + 0.023*""late"" + 0.019*""install"" + 0.018*""want"" + 0.018*""version"" + 0.018*""githubcom""'), (3, '0.040*""license"" + 0.028*""get"" + 0.025*""start"" + 0.025*""software"" + 0.022*""queue"" + 0.016*""name"" + 0.016*""beat"" + 0.016*""contributor"" + 0.016*""use"" + 0.012*""see""'), (4, '0.038*""memcache"" + 0.038*""subscription"" + 0.038*""tidelift"" + 0.038*""dependency"" + 0.038*""maintainer"" + 0.027*""use"" + 0.023*""work"" + 0.019*""package"" + 0.019*""part"" + 0.019*""coverage""')]"
googleplay-api-master_readme.txt,5.825242718446602,17.96116504854369,7.766990291262135,7.766990291262135,60.679611650485434,"[(0, '0.039*""result"" + 0.037*""search"" + 0.031*""name"" + 0.027*""easy"" + 0.025*""download"" + 0.024*""method"" + 0.019*""detail"" + 0.019*""introspection"" + 0.017*""test"" + 0.017*""provide""'), (1, '0.114*""license"" + 0.110*""release"" + 0.110*""bsd"" + 0.043*""angry"" + 0.033*""bird"" + 0.020*""category"" + 0.020*""file"" + 0.020*""generate"" + 0.015*""option"" + 0.015*""print""'), (2, '0.118*""use"" + 0.091*""multiple"" + 0.087*""module"" + 0.087*""parsing"" + 0.087*""argument"" + 0.087*""handle"" + 0.087*""format"" + 0.022*""app"" + 0.014*""free"" + 0.011*""project""'), (3, '0.151*""review"" + 0.151*""handle"" + 0.039*""list"" + 0.023*""script"" + 0.022*""use"" + 0.020*""subcategorie"" + 0.020*""wallpaper"" + 0.015*""androidid"" + 0.015*""category"" + 0.015*""shell""'), (4, '0.084*""output"" + 0.079*""column"" + 0.077*""display"" + 0.077*""listpy"" + 0.077*""cli"" + 0.077*""searchpy"" + 0.077*""parameter"" + 0.077*""add"" + 0.021*""download"" + 0.011*""name""')]"
metaflow-master_readme.txt,12.828947368421053,17.763157894736842,43.75,12.171052631578947,13.486842105263158,"[(0, '0.099*""new"" + 0.096*""test"" + 0.089*""feature"" + 0.045*""develop"" + 0.045*""touched"" + 0.026*""work"" + 0.019*""result"" + 0.018*""harness"" + 0.016*""coverage"" + 0.016*""core""'), (1, '0.060*""step"" + 0.052*""report"" + 0.048*""confirm"" + 0.045*""relate"" + 0.040*""function"" + 0.035*""coverage"" + 0.025*""episode"" + 0.022*""flow"" + 0.022*""play"" + 0.019*""type""'), (2, '0.145*""line"" + 0.035*""use"" + 0.034*""test"" + 0.032*""license"" + 0.030*""define"" + 0.028*""case"" + 0.018*""layer"" + 0.018*""checker"" + 0.014*""graphs"" + 0.013*""match""'), (3, '0.087*""test"" + 0.056*""coverage"" + 0.051*""finish"" + 0.021*""qualifier"" + 0.018*""execute"" + 0.018*""provide"" + 0.018*""require"" + 0.017*""class"" + 0.016*""add"" + 0.012*""specify""'), (4, '0.125*""metaflow"" + 0.067*""use"" + 0.051*""run"" + 0.024*""file"" + 0.021*""cd"" + 0.016*""tutorial"" + 0.014*""movie"" + 0.013*""build"" + 0.012*""statistic"" + 0.010*""specific""')]"
GRUV-master_readme.txt,7.142857142857142,16.071428571428573,64.28571428571429,8.928571428571429,3.571428571428571,"[(0, '0.032*""use"" + 0.032*""song"" + 0.032*""generation"" + 0.022*""parameter"" + 0.022*""decrease"" + 0.022*""project"" + 0.022*""take"" + 0.022*""combination"" + 0.022*""seed"" + 0.022*""sequence""'), (1, '0.072*""training"" + 0.045*""model"" + 0.045*""contain"" + 0.031*""follow"" + 0.031*""memory"" + 0.031*""sequence"" + 0.031*""step"" + 0.017*""dependency"" + 0.017*""error"" + 0.017*""time""'), (2, '0.068*""follow"" + 0.052*""terminal"" + 0.052*""type"" + 0.052*""command"" + 0.036*""music"" + 0.036*""file"" + 0.036*""source"" + 0.035*""http"" + 0.020*""generation"" + 0.019*""use""'), (3, '0.048*""work"" + 0.048*""file"" + 0.026*""later"" + 0.026*""learning"" + 0.026*""deep"" + 0.026*""kera"" + 0.026*""note"" + 0.026*""representation"" + 0.026*""may"" + 0.026*""version""'), (4, '0.039*""variance"" + 0.039*""set"" + 0.039*""feature"" + 0.039*""compute"" + 0.039*""contain"" + 0.039*""training"" + 0.039*""dependency"" + 0.007*""generation"" + 0.007*""seed"" + 0.007*""algorithm""')]"
pigar-master_readme.txt,12.380952380952381,1.9047619047619049,70.0,9.523809523809524,6.190476190476191,"[(0, '0.050*""action"" + 0.029*""exit"" + 0.027*""pigar"" + 0.023*""issue"" + 0.023*""do"" + 0.022*""install"" + 0.016*""code"" + 0.016*""license"" + 0.016*""update"" + 0.016*""help""'), (1, '0.143*""body"" + 0.072*""pigartest"" + 0.072*""head"" + 0.072*""value"" + 0.072*""title"" + 0.072*""index"" + 0.012*""include"" + 0.009*""warranty"" + 0.009*""liability"" + 0.009*""limited""'), (2, '0.148*""version"" + 0.080*""requirement"" + 0.049*""file"" + 0.040*""project"" + 0.029*""show"" + 0.028*""generate"" + 0.028*""late"" + 0.028*""check"" + 0.025*""path"" + 0.018*""difference""'), (3, '0.072*""directory"" + 0.053*""give"" + 0.051*""current"" + 0.030*""default"" + 0.028*""use"" + 0.027*""generate"" + 0.019*""list"" + 0.019*""tool"" + 0.017*""condition"" + 0.017*""redistribution""'), (4, '0.153*""name"" + 0.050*""use"" + 0.040*""import"" + 0.036*""requirementstxt"" + 0.028*""come"" + 0.024*""package"" + 0.023*""search"" + 0.018*""know"" + 0.018*""error"" + 0.018*""level""')]"
SoCo-master_readme.txt,9.333333333333334,4.666666666666667,9.333333333333334,13.333333333333334,63.33333333333333,"[(0, '0.066*""license"" + 0.027*""use"" + 0.025*""software"" + 0.025*""project"" + 0.020*""release"" + 0.020*""key"" + 0.020*""enable"" + 0.013*""true"" + 0.011*""related"" + 0.011*""usually""'), (1, '0.030*""file"" + 0.027*""documentation"" + 0.027*""list"" + 0.024*""sono"" + 0.021*""master"" + 0.017*""service"" + 0.017*""music"" + 0.017*""event"" + 0.015*""requirement"" + 0.015*""software""'), (2, '0.038*""set"" + 0.036*""track"" + 0.031*""support"" + 0.024*""free"" + 0.022*""soco"" + 0.019*""issue"" + 0.017*""also"" + 0.017*""need"" + 0.016*""group"" + 0.014*""use""'), (3, '0.053*""example"" + 0.029*""queue"" + 0.026*""zone"" + 0.024*""player"" + 0.023*""item"" + 0.022*""mode"" + 0.020*""basic"" + 0.020*""version"" + 0.018*""follow"" + 0.014*""application""'), (4, '0.042*""play"" + 0.040*""http"" + 0.039*""speaker"" + 0.037*""music"" + 0.030*""art"" + 0.023*""install"" + 0.021*""library"" + 0.019*""information"" + 0.018*""web"" + 0.017*""pip""')]"
xUnique-master_readme.txt,65.64885496183206,10.687022900763358,6.106870229007633,10.305343511450381,7.251908396946565,"[(0, '0.055*""option"" + 0.050*""build"" + 0.050*""add"" + 0.038*""action"" + 0.031*""post"" + 0.026*""support"" + 0.024*""use"" + 0.019*""script"" + 0.018*""type"" + 0.016*""choose""'), (1, '0.120*""file"" + 0.096*""project"" + 0.087*""commit"" + 0.035*""would"" + 0.034*""modify"" + 0.032*""sort"" + 0.027*""path"" + 0.020*""could"" + 0.017*""default"" + 0.014*""find""'), (2, '0.064*""project"" + 0.034*""use"" + 0.031*""hook"" + 0.028*""several"" + 0.025*""may"" + 0.023*""file"" + 0.022*""license"" + 0.021*""subproject"" + 0.019*""problem"" + 0.019*""compliance""'), (3, '0.126*""license"" + 0.038*""distribute"" + 0.035*""command"" + 0.031*""install"" + 0.026*""permission"" + 0.026*""also"" + 0.023*""format"" + 0.022*""make"" + 0.020*""add"" + 0.020*""see""'), (4, '0.062*""license"" + 0.046*""pbxbuildfile"" + 0.036*""condition"" + 0.035*""list"" + 0.035*""may"" + 0.026*""version"" + 0.026*""software"" + 0.021*""require"" + 0.021*""law"" + 0.021*""applicable""')]"
arguman.org-master_readme.txt,65.22157996146436,10.56518946692357,7.610789980732177,8.285163776493256,8.317276814386641,"[(0, '0.125*""http"" + 0.071*""developer"" + 0.067*""notification"" + 0.028*""support"" + 0.025*""analogical"" + 0.020*""fatiheriklicom"" + 0.020*""test"" + 0.020*""spanish_translation"" + 0.019*""null"" + 0.015*""end""'), (1, '0.036*""source"" + 0.031*""event"" + 0.031*""ventureszone"" + 0.031*""podcast"" + 0.018*""contributor"" + 0.017*""team"" + 0.016*""license"" + 0.016*""open"" + 0.015*""get"" + 0.015*""stre""'), (2, '0.086*""virus"" + 0.062*""icin"" + 0.046*""would"" + 0.040*""add"" + 0.039*""sitenin"" + 0.039*""uzere"" + 0.039*""premiseuser"" + 0.022*""content"" + 0.018*""site"" + 0.018*""spanish_translation""'), (3, '0.081*""https"" + 0.068*""argument"" + 0.024*""detail"" + 0.022*""premise"" + 0.019*""mapping"" + 0.019*""arguman"" + 0.019*""chrome"" + 0.019*""mehmet_ince"" + 0.018*""wikipedia_common"" + 0.016*""debate""'), (4, '0.081*""user"" + 0.066*""email"" + 0.055*""setting"" + 0.054*""vermeksizin"" + 0.054*""profile"" + 0.054*""turn"" + 0.019*""result"" + 0.013*""string"" + 0.012*""date_create"" + 0.012*""halilkayanet""')]"
Phoenix-master_readme.txt,61.54529307282416,8.31853167554766,8.200118413262285,10.923623445825932,11.012433392539965,"[(0, '0.102*""add"" + 0.026*""command"" + 0.024*""version"" + 0.020*""line"" + 0.019*""need"" + 0.017*""list"" + 0.015*""bug"" + 0.014*""improve"" + 0.014*""well"" + 0.013*""prompt""'), (1, '0.066*""change"" + 0.044*""fix"" + 0.017*""remove"" + 0.017*""make"" + 0.016*""copy"" + 0.015*""come"" + 0.014*""sourceforge"" + 0.014*""key"" + 0.013*""previous"" + 0.013*""set""'), (2, '0.027*""class"" + 0.021*""handle"" + 0.019*""include"" + 0.017*""http"" + 0.015*""point"" + 0.014*""display"" + 0.014*""allow"" + 0.013*""feature"" + 0.013*""current"" + 0.013*""problem""'), (3, '0.032*""file"" + 0.022*""object"" + 0.020*""new"" + 0.018*""namespace"" + 0.015*""project"" + 0.014*""module"" + 0.014*""much"" + 0.013*""cut"" + 0.012*""item"" + 0.011*""docstring""'), (4, '0.041*""use"" + 0.026*""shell"" + 0.020*""support"" + 0.020*""available"" + 0.019*""example"" + 0.017*""type"" + 0.016*""get"" + 0.014*""also"" + 0.013*""autocompletion"" + 0.013*""return""')]"
merlin-master_readme.txt,7.742537313432836,11.567164179104477,7.742537313432836,65.48507462686567,7.462686567164178,"[(0, '0.081*""speech"" + 0.064*""synthesis"" + 0.059*""world"" + 0.033*""run"" + 0.030*""write"" + 0.030*""morise"" + 0.024*""system"" + 0.024*""estimate"" + 0.021*""br"" + 0.020*""software""'), (1, '0.058*""source"" + 0.050*""label"" + 0.039*""prepare"" + 0.033*""file"" + 0.033*""license"" + 0.026*""target"" + 0.026*""conversion"" + 0.024*""free"" + 0.023*""config"" + 0.022*""provide""'), (2, '0.071*""feature"" + 0.044*""create"" + 0.036*""copyright"" + 0.034*""speaker"" + 0.032*""include"" + 0.031*""acoustic"" + 0.021*""file"" + 0.019*""training"" + 0.018*""notice"" + 0.018*""list""'), (3, '0.058*""tool"" + 0.055*""voice"" + 0.055*""model"" + 0.047*""step"" + 0.039*""software"" + 0.036*""contact"" + 0.033*""acoustic"" + 0.030*""develop"" + 0.029*""use"" + 0.028*""follow""'), (4, '0.066*""use"" + 0.034*""datum"" + 0.032*""rmse"" + 0.030*""utterance"" + 0.029*""test"" + 0.026*""condition"" + 0.024*""redistribution"" + 0.024*""business"" + 0.020*""must"" + 0.018*""form""')]"
hatch-master_readme.txt,11.623616236162361,10.70110701107011,10.33210332103321,11.439114391143912,55.904059040590404,"[(0, '0.089*""work"" + 0.046*""fix"" + 0.044*""request"" + 0.033*""file"" + 0.028*""derivative"" + 0.027*""name"" + 0.024*""config"" + 0.017*""home"" + 0.017*""update"" + 0.016*""provide""'), (1, '0.094*""use"" + 0.060*""license"" + 0.029*""include"" + 0.021*""change"" + 0.020*""software"" + 0.019*""term"" + 0.018*""target"" + 0.018*""condition"" + 0.017*""notice"" + 0.016*""word""'), (2, '0.044*""support"" + 0.035*""version"" + 0.029*""require"" + 0.022*""history"" + 0.017*""window"" + 0.017*""guarantee"" + 0.017*""appveyor"" + 0.014*""contributor"" + 0.013*""liability"" + 0.013*""warranty""'), (3, '0.038*""test"" + 0.023*""file"" + 0.021*""rename"" + 0.020*""add"" + 0.019*""may"" + 0.018*""author"" + 0.016*""help"" + 0.016*""appreciate"" + 0.016*""behavior"" + 0.016*""disable""'), (4, '0.061*""virtual"" + 0.046*""project"" + 0.042*""env"" + 0.028*""command"" + 0.025*""hatch"" + 0.025*""package"" + 0.024*""create"" + 0.023*""dedicate"" + 0.015*""system"" + 0.013*""specify""')]"
kuma-master_readme.txt,18.867202449292,7.634902411021814,5.912743972445465,58.6299272866437,8.955223880597014,"[(0, '0.116*""endtran"" + 0.075*""email"" + 0.030*""distribute"" + 0.029*""successfully"" + 0.026*""file"" + 0.026*""http"" + 0.017*""account"" + 0.017*""may"" + 0.016*""confirm"" + 0.016*""set""'), (1, '0.045*""include"" + 0.034*""ckeditor"" + 0.024*""sign"" + 0.023*""want"" + 0.023*""plugin"" + 0.023*""name"" + 0.021*""run"" + 0.019*""permission"" + 0.017*""build"" + 0.016*""cksource""'), (2, '0.111*""software"" + 0.034*""author"" + 0.030*""password"" + 0.028*""remove"" + 0.019*""scayt"" + 0.018*""can"" + 0.017*""else"" + 0.016*""trademark"" + 0.014*""thank"" + 0.014*""content""'), (3, '0.086*""license"" + 0.054*""program"" + 0.039*""version"" + 0.037*""copy"" + 0.025*""free"" + 0.024*""term"" + 0.023*""right"" + 0.022*""change"" + 0.021*""make"" + 0.018*""source""'), (4, '0.084*""use"" + 0.048*""work"" + 0.029*""must"" + 0.027*""distribution"" + 0.024*""copyright"" + 0.024*""follow"" + 0.022*""section"" + 0.021*""notice"" + 0.019*""new"" + 0.017*""contain""')]"
